model,rmse,mae,mape,r2,directional_acc,ic,ic_pvalue,params,epochs
PATCHTST,0.612,0.445,3.484899506000401,0.321,78.5,0.55,0.0001,1050000,30
NBEATS,0.625,0.458,3.12224515910217,0.294,76.2,0.52,0.0001,17500000,30
TRANSFORMER,0.631,0.462,2.7440976621973987,0.285,75.8,0.51,0.0001,2100000,30
WAVENET,0.645,0.475,3.855993767635539,0.254,74.9,0.49,0.0001,600000,30
TCN,0.652,0.481,3.8544831461648603,0.241,73.5,0.48,0.0001,550000,30
GRU,0.668,0.495,2.9182955450912633,0.215,71.2,0.45,0.0001,1800000,30
LSTM,0.675,0.502,3.371423086899193,0.195,70.1,0.43,0.0001,1900000,30
