Model,RMSE,MAE,MAPE,R2,Parameters
DeepAR,1287.259173454122,1287.259173454122,24.899782862586424,0.0,1078529
